35.330979347229004,1674483990.4722633,1.15071114063099,-0.7870887223201024,-0.16257423553689307,-1.1351846857485546,-7.382699999991574e-05,3.10283999999994e-05,-1.4050108062436884e-17
0.09848189353942871,1674483990.5707452,1.2085549470011565,-0.7415863939805152,-0.17024948137435905,-1.216039112081934,-7.382699999991574e-05,3.10283999999994e-05,-1.4050108062436884e-17
0.5689544677734375,1674483991.1396997,1.1794802502099142,-0.5997016891474186,0.0013738169927094291,-1.2052074091368932,-7.382699999991574e-05,3.10283999999994e-05,-1.4050108062436884e-17
0.09524273872375488,1674483991.2349424,1.115711817700345,-0.6613395823415594,0.013843065811676164,-1.1196230861095497,-7.382699999991574e-05,3.10283999999994e-05,-1.4050108062436884e-17
0.09517025947570801,1674483991.3301127,1.0089905161546593,-0.7746849251606932,0.015982063809042393,-0.9800152628061667,-7.382699999991574e-05,3.10283999999994e-05,-1.4050108062436884e-17
0.19675946235656738,1674483991.5268722,0.8207644001183714,-0.9777429765158017,0.01768263415379049,-0.8718920738646809,-7.382699999991574e-05,3.10283999999994e-05,-1.4050108062436884e-17
0.5457923412322998,1674483992.0726645,0.8000683534736774,-1.0327521127858945,0.03969441674873777,-0.842142889906142,-7.382699999991574e-05,3.10283999999994e-05,-1.4050108062436884e-17
0.09610342979431152,1674483992.168768,0.80806791102356,-1.0061141314374,0.0455711462357459,-0.8596170946905943,-7.382699999991574e-05,3.10283999999994e-05,-1.4050108062436884e-17
0.0908510684967041,1674483992.259619,0.8879744555121778,-0.9956361638123578,0.05582132357471052,-0.8866657191504279,-7.382699999991574e-05,3.10283999999994e-05,-1.4050108062436884e-17
0.18520355224609375,1674483992.4448225,0.9788844547416098,-0.9450738061335816,0.06683238787671744,-0.969332524199724,-7.382699999991574e-05,3.10283999999994e-05,-1.4050108062436884e-17
0.09207963943481445,1674483992.5369022,0.9438271827519293,-0.9994511722838714,0.05408774218496338,-0.8845646709892379,-7.382699999991574e-05,3.10283999999994e-05,-1.4050108062436884e-17
0.09117984771728516,1674483992.628082,0.9137406556667693,-1.0717224027672363,0.03387749015492654,-0.7911661554750904,-7.382699999991574e-05,3.10283999999994e-05,-1.4050108062436884e-17
18.434898138046265,1674484011.0629802,0.819613754716618,-1.0626952627657433,-0.14529775212831933,-0.7773556444983649,-7.382699999991574e-05,3.10283999999994e-05,-1.4050108062436884e-17
0.08990168571472168,1674484011.1528819,0.8438285809073256,-0.9869393244263539,-0.09791516611873324,-0.8504842242127189,-7.382699999991574e-05,3.10283999999994e-05,-1.4050108062436884e-17
0.08648252487182617,1674484011.2393644,0.8603825574606678,-1.0575208991235179,-0.021160132261752316,-0.7649756800702687,-7.382699999991574e-05,3.10283999999994e-05,-1.4050108062436884e-17
3.0799667835235596,1674484014.3193312,0.7634646332657882,-1.0684360300909306,-0.31171636875695774,-0.7644897974772555,-7.382699999991574e-05,3.10283999999994e-05,-1.4050108062436884e-17
0.08273720741271973,1674484014.4020684,0.7592705317003352,-1.031507800927932,-0.3294540689862672,-0.8025352538556256,-7.382699999991574e-05,3.10283999999994e-05,-1.4050108062436884e-17
0.09249448776245117,1674484014.4945629,0.7552680887490282,-1.0741920168160848,-0.33921292581451434,-0.7494029514116654,-7.382699999991574e-05,3.10283999999994e-05,-1.4050108062436884e-17
0.0909719467163086,1674484014.5855348,0.7682936930283084,-1.0141236697370943,-0.32167772360075,-0.8304550666555912,-7.382699999991574e-05,3.10283999999994e-05,-1.4050108062436884e-17
0.08729052543640137,1674484014.6728253,0.7763425672172586,-1.039477053577293,-0.3201506318702911,-0.7961792311121164,-7.382699999991574e-05,3.10283999999994e-05,-1.4050108062436884e-17
0.08807158470153809,1674484014.760897,0.7803188551603721,-0.9907959645292665,-0.3109027392675005,-0.8534338329007014,-7.382699999991574e-05,3.10283999999994e-05,-1.4050108062436884e-17
0.08823013305664062,1674484014.849127,0.7763089659643456,-1.0750861097969766,-0.3299171057517213,-0.7330862340326163,-7.382699999991574e-05,3.10283999999994e-05,-1.4050108062436884e-17
0.08539795875549316,1674484014.934525,0.7683314833070893,-1.1526312204085465,-0.343015047666165,-0.6254610137470109,-7.382699999991574e-05,3.10283999999994e-05,-1.4050108062436884e-17
0.09471011161804199,1674484015.0292351,0.7683942720186656,-1.0765713511433024,-0.3185614759276596,-0.7285230511424544,-7.382699999991574e-05,3.10283999999994e-05,-1.4050108062436884e-17
0.09405136108398438,1674484015.1232865,0.7634395756127712,-0.9824688375358277,-0.29519278443946506,-0.8566931709814679,-7.382699999991574e-05,3.10283999999994e-05,-1.4050108062436884e-17
0.08900094032287598,1674484015.2122874,0.7724175956776747,-1.0556123732844138,-0.31147529067276564,-0.7586397245953685,-7.382699999991574e-05,3.10283999999994e-05,-1.4050108062436884e-17
0.0937967300415039,1674484015.3060842,0.7763571136017209,-1.042785823764874,-0.316135076836715,-0.7713819743066995,-7.382699999991574e-05,3.10283999999994e-05,-1.4050108062436884e-17
0.1015932559967041,1674484015.4076774,0.7683150709149165,-0.9921050375413462,-0.3119434464139452,-0.8379266521723266,-7.382699999991574e-05,3.10283999999994e-05,-1.4050108062436884e-17
0.10108566284179688,1674484015.508763,0.7682918829401579,-1.0516838603523175,-0.3273774267017108,-0.7572725662454195,-7.382699999991574e-05,3.10283999999994e-05,-1.4050108062436884e-17
0.09106802940368652,1674484015.599831,0.7762503155714184,-1.0114607890188863,-0.322850604764413,-0.8083711393064497,-7.382699999991574e-05,3.10283999999994e-05,-1.4050108062436884e-17
0.09529614448547363,1674484015.6951272,0.768224275863647,-0.9762741431612117,-0.31990256755000196,-0.8543366722109661,-7.382699999991574e-05,3.10283999999994e-05,-1.4050108062436884e-17
0.10187697410583496,1674484015.7970042,0.7762137179575719,-1.0823980153199182,-0.3428341374679772,-0.7165475135217534,-7.382699999991574e-05,3.10283999999994e-05,-1.4050108062436884e-17
0.09909701347351074,1674484015.8961012,0.7632226859926621,-1.0461482541632559,-0.33493971817241247,-0.7642661739201193,-7.382699999991574e-05,3.10283999999994e-05,-1.4050108062436884e-17
0.09604930877685547,1674484015.9921505,0.7592221379361779,-1.0537326458842835,-0.33705070663331155,-0.7506570767043291,-7.382699999991574e-05,3.10283999999994e-05,-1.4050108062436884e-17
0.09253525733947754,1674484016.0846858,0.7592221379361779,-0.9637451486157683,-0.3180779761645474,-0.8705815368209932,-7.382699999991574e-05,3.10283999999994e-05,-1.4050108062436884e-17
0.09365463256835938,1674484016.1783404,0.763213026030078,-1.051380988547188,-0.3367193233426574,-0.752645915679957,-7.382699999991574e-05,3.10283999999994e-05,-1.4050108062436884e-17
0.09529542922973633,1674484016.2736359,0.7632178560113703,-1.0235957652514314,-0.3312638149049399,-0.7916813735496859,-7.382699999991574e-05,3.10283999999994e-05,-1.4050108062436884e-17
0.09183120727539062,1674484016.365467,0.7761973675436917,-1.0563565802095254,-0.33955054047366673,-0.7496171266948065,-7.382699999991574e-05,3.10283999999994e-05,-1.4050108062436884e-17
0.11177730560302734,1674484016.4772444,0.7761858178900498,-0.9811084130326394,-0.32409950285299394,-0.851385018447269,-7.382699999991574e-05,3.10283999999994e-05,-1.4050108062436884e-17
0.09603667259216309,1674484016.573281,0.7632158947441341,-0.9786372368887801,-0.3228758988489446,-0.8568489840162105,-7.382699999991574e-05,3.10283999999994e-05,-1.4050108062436884e-17
0.0952911376953125,1674484016.6685722,0.7722112559888545,-1.0369600312264136,-0.3349760308360315,-0.7812859637166377,-7.382699999991574e-05,3.10283999999994e-05,-1.4050108062436884e-17
0.09656333923339844,1674484016.7651355,0.7682319561953554,-1.0902936189949484,-0.3442359534597962,-0.7111910995433334,-7.382699999991574e-05,3.10283999999994e-05,-1.4050108062436884e-17
0.09868216514587402,1674484016.8638177,0.7722324465495052,-1.0945986920738953,-0.3437379735794209,-0.7090752026478196,-7.382699999991574e-05,3.10283999999994e-05,-1.4050108062436884e-17
0.10080409049987793,1674484016.9646218,0.7722488276926542,-0.9991183101438601,-0.32233739643295195,-0.8372231134380286,-7.382699999991574e-05,3.10283999999994e-05,-1.4050108062436884e-17
0.09193563461303711,1674484017.0565574,0.7682531873223493,-1.015355466524686,-0.3257646140098798,-0.8160460373648953,-7.382699999991574e-05,3.10283999999994e-05,-1.4050108062436884e-17
0.09888434410095215,1674484017.1554418,0.7762492684533102,-1.0810383011812457,-0.3391794334966732,-0.7305707436058116,-7.382699999991574e-05,3.10283999999994e-05,-1.4050108062436884e-17
0.09042882919311523,1674484017.2458706,0.7852511169031344,-1.0568261222660729,-0.3319772747597299,-0.7638473999672771,-7.382699999991574e-05,3.10283999999994e-05,-1.4050108062436884e-17
0.09689855575561523,1674484017.3427691,0.7632797403907996,-1.041424628641643,-0.32869596330986567,-0.7848908327714733,-7.382699999991574e-05,3.10283999999994e-05,-1.4050108062436884e-17
0.09612202644348145,1674484017.4388912,0.7592909451098064,-1.0280705366112897,-0.3253206265561712,-0.8018932057264939,-7.382699999991574e-05,3.10283999999994e-05,-1.4050108062436884e-17
0.0942373275756836,1674484017.5331285,0.7722815901288196,-1.0023344419264977,-0.3198259872058447,-0.8371557003011282,-7.382699999991574e-05,3.10283999999994e-05,-1.4050108062436884e-17
0.10059690475463867,1674484017.6337254,0.7762771677810587,-1.0605728299553026,-0.33103951255018593,-0.7604488395406551,-7.382699999991574e-05,3.10283999999994e-05,-1.4050108062436884e-17
0.09506654739379883,1674484017.728792,0.7722979716418554,-1.0439788149633005,-0.32618782167945604,-0.7836932794124468,-7.382699999991574e-05,3.10283999999994e-05,-1.4050108062436884e-17
0.08787178993225098,1674484017.8166637,0.7762819681714102,-1.0606905145534016,-0.33090169558704324,-0.7614353363591431,-7.382699999991574e-05,3.10283999999994e-05,-1.4050108062436884e-17
0.10301756858825684,1674484017.9196813,0.7762819681714102,-1.0367056515567716,-0.3256103306034093,-0.7950650475668587,-7.382699999991574e-05,3.10283999999994e-05,-1.4050108062436884e-17
0.09552335739135742,1674484018.0152047,0.7892562662935583,-1.0762079946527312,-0.3354504941373726,-0.7426264678983392,-7.382699999991574e-05,3.10283999999994e-05,-1.4050108062436884e-17
0.0915369987487793,1674484018.1067417,0.7762752185382329,-0.9842826602834422,-0.31708054511790984,-0.8666977459056128,-7.382699999991574e-05,3.10283999999994e-05,-1.4050108062436884e-17
0.09424805641174316,1674484018.2009897,0.7802755912110579,-1.0142670867392916,-0.3222482640020119,-0.8291682118102185,-7.382699999991574e-05,3.10283999999994e-05,-1.4050108062436884e-17
0.09756755828857422,1674484018.2985573,0.7683052871256968,-1.0662283016790228,-0.33191449085398966,-0.762803445014194,-7.382699999991574e-05,3.10283999999994e-05,-1.4050108062436884e-17
0.10068678855895996,1674484018.399244,0.7683149245251886,-1.084935605695064,-0.33507430861924303,-0.7408320156189686,-7.382699999991574e-05,3.10283999999994e-05,-1.4050108062436884e-17
0.0991969108581543,1674484018.498441,0.768331336917361,-1.0100860095020088,-0.3169664452894336,-0.8417242418660789,-7.382699999991574e-05,3.10283999999994e-05,-1.4050108062436884e-17
0.10579442977905273,1674484018.6042354,0.7763059693833938,-1.0610983251953108,-0.3296005508177307,-0.7728968645804298,-7.382699999991574e-05,3.10283999999994e-05,-1.4050108062436884e-17
0.0916142463684082,1674484018.6958497,0.7683429307947311,-1.0632035579318353,-0.32735445419759956,-0.7723607708030582,-7.382699999991574e-05,3.10283999999994e-05,-1.4050108062436884e-17
0.1038815975189209,1674484018.7997313,0.7723827341746268,-1.0769970961507562,-0.3242551063472719,-0.7597343327887404,-7.382699999991574e-05,3.10283999999994e-05,-1.4050108062436884e-17
0.09546518325805664,1674484018.8951964,0.7684037628785614,-1.0958322394061617,-0.32667884331012514,-0.7361433317690549,-7.382699999991574e-05,3.10283999999994e-05,-1.4050108062436884e-17
0.08488249778747559,1674484018.980079,0.7724665931604688,-1.0624746793221953,-0.31116154237420895,-0.784760899316546,-7.382699999991574e-05,3.10283999999994e-05,-1.4050108062436884e-17
0.08853292465209961,1674484019.0686119,0.7855183052548642,-1.0734574164788402,-0.30440723049663987,-0.7752499968298966,-7.382699999991574e-05,3.10283999999994e-05,-1.4050108062436884e-17
0.09889602661132812,1674484019.167508,0.8145190833140412,-0.9572632926532576,-0.2778341308047899,-0.9222368663684173,-7.382699999991574e-05,3.10283999999994e-05,-1.4050108062436884e-17
0.09088492393493652,1674484019.2583928,0.830507651390195,-1.031179825111209,-0.2896237754130895,-0.8189019357589422,-7.382699999991574e-05,3.10283999999994e-05,-1.4050108062436884e-17
0.08843755722045898,1674484019.3468304,0.8184944098305036,-1.0422904306112653,-0.29338092336616156,-0.7903192788309866,-7.382699999991574e-05,3.10283999999994e-05,-1.4050108062436884e-17
0.09406113624572754,1674484019.4408915,0.8054713784450462,-1.0440138785109512,-0.29816239447332593,-0.7870004457966047,-7.382699999991574e-05,3.10283999999994e-05,-1.4050108062436884e-17
0.09689188003540039,1674484019.5377834,0.7594597077393654,-1.044108536575169,-0.3082220060415277,-0.7926980880254879,-7.382699999991574e-05,3.10283999999994e-05,-1.4050108062436884e-17
0.09085297584533691,1674484019.6286364,0.7593103027634238,-1.0116277684935715,-0.3205070400957504,-0.8308989069264697,-7.382699999991574e-05,3.10283999999994e-05,-1.4050108062436884e-17
0.09350395202636719,1674484019.7221403,0.7681952172754438,-1.031562701029418,-0.33679763853998024,-0.794760349446249,-7.382699999991574e-05,3.10283999999994e-05,-1.4050108062436884e-17
0.0941619873046875,1674484019.8163023,0.7551826354404945,-1.0189223519615036,-0.33725748986912885,-0.8036759563561572,-7.382699999991574e-05,3.10283999999994e-05,-1.4050108062436884e-17
0.08873963356018066,1674484019.905042,0.7762002190611041,-1.0596038668450283,-0.3398706422853815,-0.7533599727814504,-7.382699999991574e-05,3.10283999999994e-05,-1.4050108062436884e-17
0.09638285636901855,1674484020.0014248,0.7682531873223493,-1.0489047504815385,-0.3334953447144606,-0.7720526848580204,-7.382699999991574e-05,3.10283999999994e-05,-1.4050108062436884e-17
0.0895383358001709,1674484020.0909631,0.7631974813059936,-1.0266877274138544,-0.3349163237974966,-0.7943773849013709,-7.382699999991574e-05,3.10283999999994e-05,-1.4050108062436884e-17
0.09208250045776367,1674484020.1830456,0.7501097970959765,-1.0341138150998233,-0.3489655431582444,-0.7761722395418152,-7.382699999991574e-05,3.10283999999994e-05,-1.4050108062436884e-17
0.08985495567321777,1674484020.2729006,0.7460621150749942,-1.0195872045020595,-0.35225412464522726,-0.793516674608241,-7.382699999991574e-05,3.10283999999994e-05,-1.4050108062436884e-17
0.08908414840698242,1674484020.3619847,0.7550465813234566,-1.0226392041954666,-0.3541444149348948,-0.7917348379428626,-7.382699999991574e-05,3.10283999999994e-05,-1.4050108062436884e-17
0.0950460433959961,1674484020.4570308,0.7500513282670234,-0.9898851603366988,-0.34744232161438515,-0.8356134757001291,-7.382699999991574e-05,3.10283999999994e-05,-1.4050108062436884e-17
0.08680367469787598,1674484020.5438344,0.7500396345012326,-1.0054231845157389,-0.35186107191107757,-0.8147533802834056,-7.382699999991574e-05,3.10283999999994e-05,-1.4050108062436884e-17
0.1005864143371582,1674484020.6444209,0.7550446122312628,-1.0487063416703593,-0.3619953054482078,-0.7598043819816315,-7.382699999991574e-05,3.10283999999994e-05,-1.4050108062436884e-17
0.10457110404968262,1674484020.748992,0.750037660619681,-1.045261416870759,-0.3627628274336418,-0.7644337631921704,-7.382699999991574e-05,3.10283999999994e-05,-1.4050108062436884e-17
0.09124374389648438,1674484020.8402357,0.7549999171496422,-1.001366265199922,-0.35627824105025224,-0.8203069508534026,-7.382699999991574e-05,3.10283999999994e-05,-1.4050108062436884e-17
0.09589743614196777,1674484020.9361331,0.7499646118145016,-1.0520805889951585,-0.37304769230333945,-0.7484392087317019,-7.382699999991574e-05,3.10283999999994e-05,-1.4050108062436884e-17
0.09335780143737793,1674484021.029491,0.7459683880537566,-1.0130574898253883,-0.36374669469298226,-0.8008650799495155,-7.382699999991574e-05,3.10283999999994e-05,-1.4050108062436884e-17
0.09685206413269043,1674484021.126343,0.7589165232413073,-1.0593389718672344,-0.37940327668185403,-0.7370505847454899,-7.382699999991574e-05,3.10283999999994e-05,-1.4050108062436884e-17
0.08463692665100098,1674484021.21098,0.7497055235695647,-0.9630547088027014,-0.3820980939805489,-0.8475551884737064,-7.382699999991574e-05,3.10283999999994e-05,-1.4050108062436884e-17
0.09827494621276855,1674484021.309255,0.7542954011570586,-0.9897871226394751,-0.4395209080905789,-0.7807647566762478,-7.382699999991574e-05,3.10283999999994e-05,-1.4050108062436884e-17
0.09624505043029785,1674484021.4055,0.7998840057594427,-0.9524507833266905,-0.47865856760815617,-0.80814458852147,-7.382699999991574e-05,3.10283999999994e-05,-1.4050108062436884e-17
0.09128904342651367,1674484021.496789,0.8246740279358398,-0.9480056859983215,-0.503543768411637,-0.8053268469614605,-7.382699999991574e-05,3.10283999999994e-05,-1.4050108062436884e-17
0.08277606964111328,1674484021.579565,0.8325321065823714,-0.9306207309484311,-0.5156854835661446,-0.8267506076746792,-7.382699999991574e-05,3.10283999999994e-05,-1.4050108062436884e-17
0.09499168395996094,1674484021.6745567,0.8561469029525686,-0.9033580703768358,-0.557249177989465,-0.8151771099619992,-7.382699999991574e-05,3.10283999999994e-05,-1.4050108062436884e-17
0.10094738006591797,1674484021.775504,0.9277640714761373,-0.7686853355764904,-0.5533191273272918,-0.9384968349515199,-7.382699999991574e-05,3.10283999999994e-05,-1.4050108062436884e-17
0.09601521492004395,1674484021.8715193,0.973498488680272,-0.6779281685677622,-0.5491695280792402,-1.0234875927832123,-7.382699999991574e-05,3.10283999999994e-05,-1.4050108062436884e-17
0.09645819664001465,1674484021.9679775,1.043379827393305,-0.6413912079438616,-0.5510004024253604,-1.0435432580448711,-7.382699999991574e-05,3.10283999999994e-05,-1.4050108062436884e-17
0.09335041046142578,1674484022.061328,1.0503189677918752,-0.6835131425646205,-0.5807362309610976,-0.9581503245047813,-7.382699999991574e-05,3.10283999999994e-05,-1.4050108062436884e-17
0.09357428550720215,1674484022.1549022,1.0532567643860002,-0.6594909856168242,-0.578557775272247,-0.9775222178905989,-7.382699999991574e-05,3.10283999999994e-05,-1.4050108062436884e-17
0.09692931175231934,1674484022.2518315,1.0561948911101904,-0.625584028055822,-0.5722953173370519,-1.0126434962842428,-7.382699999991574e-05,3.10283999999994e-05,-1.4050108062436884e-17
0.09255576133728027,1674484022.3443873,1.0620892142955438,-0.6064109145140578,-0.5792593037727384,-0.9991324137329275,-7.382699999991574e-05,3.10283999999994e-05,-1.4050108062436884e-17
0.09709739685058594,1674484022.4414847,1.0499390487723896,-0.59009079482401,-0.5951187838352269,-0.9628169339568007,-7.382699999991574e-05,3.10283999999994e-05,-1.4050108062436884e-17
0.09667491912841797,1674484022.5381596,1.0587694323703931,-0.5320214940871614,-0.5943703100102737,-0.9717831809989391,-7.382699999991574e-05,3.10283999999994e-05,-1.4050108062436884e-17
0.27302074432373047,1674484022.8111804,1.0550261094568456,-0.35494278058525536,-0.6308677874517632,-0.8957068025568375,-7.382699999991574e-05,3.10283999999994e-05,-1.4050108062436884e-17
0.0972743034362793,1674484022.9084547,1.0487205903463566,-0.2522872343776622,-0.6193105648921556,-0.9536695935928649,-7.382699999991574e-05,3.10283999999994e-05,-1.4050108062436884e-17
0.4815995693206787,1674484023.3900542,1.087761537923034,-0.024895342805334054,-0.6584042428178419,-0.9772741224919176,-7.382699999991574e-05,3.10283999999994e-05,-1.4050108062436884e-17
0.09048271179199219,1674484023.480537,1.1055214913470686,-0.03446038186443104,-0.7083320674450155,-0.9505336891796674,-7.382699999991574e-05,3.10283999999994e-05,-1.4050108062436884e-17
0.8952341079711914,1674484024.375771,1.0119919062075988,-0.349298165218829,-0.760160414964018,-0.930615864557409,-7.382699999991574e-05,3.10283999999994e-05,-1.4050108062436884e-17
0.0904550552368164,1674484024.466226,0.9980657693672779,-0.37412124909983674,-0.7603950061827689,-0.916616869824893,-7.382699999991574e-05,3.10283999999994e-05,-1.4050108062436884e-17
0.09653186798095703,1674484024.562758,1.0081615932412615,-0.38510127707139247,-0.7498663841801172,-0.9369783112197371,-7.382699999991574e-05,3.10283999999994e-05,-1.4050108062436884e-17
0.08390426635742188,1674484024.6466622,1.0152920332870314,-0.4167474847988477,-0.7479234531101899,-0.9362111375593969,-7.382699999991574e-05,3.10283999999994e-05,-1.4050108062436884e-17
0.09582233428955078,1674484024.7424846,1.0224172213175204,-0.4240503612909623,-0.7259906062529954,-0.9813561738670958,-7.382699999991574e-05,3.10283999999994e-05,-1.4050108062436884e-17
0.09461426734924316,1674484024.8370988,1.0055774807213178,-0.46521485489035586,-0.7223327450926077,-0.968577519840257,-7.382699999991574e-05,3.10283999999994e-05,-1.4050108062436884e-17
0.09552979469299316,1674484024.9326286,1.008710915874976,-0.5012005118310183,-0.7234440676275912,-0.94356952523366,-7.382699999991574e-05,3.10283999999994e-05,-1.4050108062436884e-17
0.0955972671508789,1674484025.028226,1.018930888711925,-0.5212681117001339,-0.6993162768091656,-0.97476746790157,-7.382699999991574e-05,3.10283999999994e-05,-1.4050108062436884e-17
0.10289764404296875,1674484025.1311235,1.0331754226200958,-0.5735887241778842,-0.6930190832425694,-0.9551232240857536,-7.382699999991574e-05,3.10283999999994e-05,-1.4050108062436884e-17
0.09688735008239746,1674484025.228011,1.0454505747497334,-0.5867386226050404,-0.6566814753666346,-1.0012221664178282,-7.382699999991574e-05,3.10283999999994e-05,-1.4050108062436884e-17
0.10026407241821289,1674484025.328275,1.0366889460643889,-0.5979444206810973,-0.6248633136618899,-1.041866435336331,-7.382699999991574e-05,3.10283999999994e-05,-1.4050108062436884e-17
0.09922623634338379,1674484025.4275012,1.039889786527975,-0.6784398433516656,-0.6384753418236699,-0.9632514217722988,-7.382699999991574e-05,3.10283999999994e-05,-1.4050108062436884e-17
0.09008359909057617,1674484025.5175848,1.0460144721167974,-0.6399476538118342,-0.5978531002764997,-1.0620853471590288,-7.382699999991574e-05,3.10283999999994e-05,-1.4050108062436884e-17
0.09318280220031738,1674484025.6107676,1.046076259268163,-0.6493419822526388,-0.5931239612919766,-1.0708929617312173,-7.382699999991574e-05,3.10283999999994e-05,-1.4050108062436884e-17
0.10434341430664062,1674484025.715111,1.0500840928721695,-0.6831680192948434,-0.6088803492382816,-1.0435839059134673,-7.382699999991574e-05,3.10283999999994e-05,-1.4050108062436884e-17
0.09199261665344238,1674484025.8071036,1.0530453972537541,-0.7162611931112852,-0.6293874897505359,-1.0198670036703539,-7.382699999991574e-05,3.10283999999994e-05,-1.4050108062436884e-17
0.09578728675842285,1674484025.902891,1.0619763261154804,-0.7219654661848045,-0.6408747790915854,-1.037884730362609,-7.382699999991574e-05,3.10283999999994e-05,-1.4050108062436884e-17
0.10458040237426758,1674484026.0074713,1.0588640798834748,-0.7470716177107808,-0.6677587284671965,-1.0169944657721794,-7.382699999991574e-05,3.10283999999994e-05,-1.4050108062436884e-17
0.09778165817260742,1674484026.105253,1.0527610489971286,-0.749150009840807,-0.6823877138677291,-1.0237033183862132,-7.382699999991574e-05,3.10283999999994e-05,-1.4050108062436884e-17
0.09017014503479004,1674484026.1954231,1.0556874285539526,-0.7262179816850579,-0.6793439851413371,-1.0594468757199318,-7.382699999991574e-05,3.10283999999994e-05,-1.4050108062436884e-17
0.0957193374633789,1674484026.2911425,1.0525694019864285,-0.7547192114559632,-0.7102518601875442,-1.0211931083048558,-7.382699999991574e-05,3.10283999999994e-05,-1.4050108062436884e-17
0.08525514602661133,1674484026.3763976,1.0524794214410207,-0.7481728294876491,-0.7189611286123242,-1.0321319569982048,-7.382699999991574e-05,3.10283999999994e-05,-1.4050108062436884e-17
0.1051781177520752,1674484026.4815757,1.0523677572627712,-0.7659431867202819,-0.7444136905459362,-1.0097560577321258,-7.382699999991574e-05,3.10283999999994e-05,-1.4050108062436884e-17
2.8537442684173584,1674484029.33532,1.087008108865442,0.04908842097712473,-0.7396498539312714,-0.9445908545644451,-7.382699999991574e-05,3.10283999999994e-05,-1.4050108062436884e-17
0.0945894718170166,1674484029.4299095,1.093125889968784,0.0640022127192593,-0.7130237034120096,-0.9640064319151057,-7.382699999991574e-05,3.10283999999994e-05,-1.4050108062436884e-17
0.09540724754333496,1674484029.5253167,1.1053623515030324,0.07205139578273766,-0.6847811156342146,-0.9484722232616286,-7.382699999991574e-05,3.10283999999994e-05,-1.4050108062436884e-17
0.09186673164367676,1674484029.6171834,1.1146229675135466,0.0868401771862058,-0.6381014711186213,-0.9712451549396891,-7.382699999991574e-05,3.10283999999994e-05,-1.4050108062436884e-17
0.08930516242980957,1674484029.7064886,1.1298705719458824,0.10201888380418275,-0.6001595121703537,-0.9743145951859981,-7.382699999991574e-05,3.10283999999994e-05,-1.4050108062436884e-17
0.09428834915161133,1674484029.800777,1.1330255104193534,0.11488578906045036,-0.5719986333456775,-0.9856325686609302,-7.382699999991574e-05,3.10283999999994e-05,-1.4050108062436884e-17
0.09734869003295898,1674484029.8981256,1.1422255619072703,0.12814446914648647,-0.5414465744600809,-0.9767445391652609,-7.382699999991574e-05,3.10283999999994e-05,-1.4050108062436884e-17
0.09036135673522949,1674484029.988487,1.1333287853126066,0.15551425370760996,-0.5067259265482149,-1.0092457777504302,-7.382699999991574e-05,3.10283999999994e-05,-1.4050108062436884e-17
0.11199545860290527,1674484030.1004825,1.1303937515276743,0.1757577909143654,-0.5001371318931045,-0.9566348984189708,-7.382699999991574e-05,3.10283999999994e-05,-1.4050108062436884e-17
0.1151726245880127,1674484030.215655,1.133400157848084,0.2278317614422595,-0.4766466861572496,-0.9599564055562883,-7.382699999991574e-05,3.10283999999994e-05,-1.4050108062436884e-17
0.09778809547424316,1674484030.3134432,1.1153194905158275,0.27625186420548925,-0.46249344660710134,-0.9696428572044857,-7.382699999991574e-05,3.10283999999994e-05,-1.4050108062436884e-17
0.09554600715637207,1674484030.4089892,1.1152114001613487,0.32562619883400357,-0.465121969626912,-0.9271329374214204,-7.382699999991574e-05,3.10283999999994e-05,-1.4050108062436884e-17
0.09722185134887695,1674484030.506211,1.1210709064826188,0.3810993460644017,-0.4615990053879521,-0.938412720042449,-7.382699999991574e-05,3.10283999999994e-05,-1.4050108062436884e-17
0.09437274932861328,1674484030.6005838,1.117874524560306,0.4394902734818506,-0.458741320286655,-0.9553321445477249,-7.382699999991574e-05,3.10283999999994e-05,-1.4050108062436884e-17
0.09781169891357422,1674484030.6983955,1.111761052660761,0.47765771291820047,-0.4616042505792665,-0.9409763690127982,-7.382699999991574e-05,3.10283999999994e-05,-1.4050108062436884e-17
0.08156394958496094,1674484030.7799594,1.1236509923082563,0.5281916527830898,-0.4589249717111434,-0.9361584997081619,-7.382699999991574e-05,3.10283999999994e-05,-1.4050108062436884e-17
0.09241414070129395,1674484030.8723736,1.120547810108785,0.5751479858291662,-0.456234435016856,-0.9207885988246954,-7.382699999991574e-05,3.10283999999994e-05,-1.4050108062436884e-17
0.09223771095275879,1674484030.9646113,1.120502496472219,0.613351736082214,-0.4251424950062666,-1.0049082466321873,-7.382699999991574e-05,3.10283999999994e-05,-1.4050108062436884e-17
0.08575272560119629,1674484031.050364,1.1144584115743073,0.6489287015245105,-0.43765218607719,-0.9146149022206305,-7.382699999991574e-05,3.10283999999994e-05,-1.4050108062436884e-17
0.09804582595825195,1674484031.1484098,1.1144731806655488,0.6890429102420079,-0.4181168607730352,-0.918541464777746,-7.382699999991574e-05,3.10283999999994e-05,-1.4050108062436884e-17
0.09818172454833984,1674484031.2465916,1.1174851510136985,0.7322453833644831,-0.4155347097845792,-0.8549729333092125,-7.382699999991574e-05,3.10283999999994e-05,-1.4050108062436884e-17
0.08971118927001953,1674484031.3363028,1.1355297393592696,0.7379705115374151,-0.3697265839640208,-1.011264859180348,-7.382699999991574e-05,3.10283999999994e-05,-1.4050108062436884e-17
0.09827995300292969,1674484031.4345827,1.1415380676921407,0.7647453132732059,-0.3745973822345982,-0.9522867572945575,-7.382699999991574e-05,3.10283999999994e-05,-1.4050108062436884e-17
0.09373736381530762,1674484031.52832,1.144529136564085,0.7547237111279338,-0.36679642306102095,-1.0073639779403158,-7.382699999991574e-05,3.10283999999994e-05,-1.4050108062436884e-17
0.08817410469055176,1674484031.6164942,1.1444744948693353,0.7427451668760434,-0.3933399816296352,-0.9523110718054375,-7.382699999991574e-05,3.10283999999994e-05,-1.4050108062436884e-17
0.09771585464477539,1674484031.71421,1.1494286022346574,0.7015697813034873,-0.41344682663397014,-0.9714944409481561,-7.382699999991574e-05,3.10283999999994e-05,-1.4050108062436884e-17
0.09604406356811523,1674484031.810254,1.1493943748360977,0.6562879872713913,-0.44601294975410233,-0.9432958809532755,-7.382699999991574e-05,3.10283999999994e-05,-1.4050108062436884e-17
0.09633326530456543,1674484031.9065874,1.1553940346261762,0.6012601703074959,-0.4668391158177394,-0.9624414429515358,-7.382699999991574e-05,3.10283999999994e-05,-1.4050108062436884e-17
0.09801745414733887,1674484032.0046048,1.1523984336011444,0.5551482131407589,-0.48010826191928613,-0.9778402322271467,-7.382699999991574e-05,3.10283999999994e-05,-1.4050108062436884e-17
0.09350395202636719,1674484032.0981088,1.158454024137216,0.5392785113212422,-0.4782742590558099,-0.9856341210076494,-7.382699999991574e-05,3.10283999999994e-05,-1.4050108062436884e-17
0.0852210521697998,1674484032.1833298,1.1415609250333651,0.5414362180432646,-0.46450274143780246,-0.962350921737476,-7.382699999991574e-05,3.10283999999994e-05,-1.4050108062436884e-17
0.37403416633605957,1674484032.557364,1.086492671680114,0.5587522493279556,-0.17395817623729115,-0.9900642715602817,-7.382699999991574e-05,3.10283999999994e-05,-1.4050108062436884e-17
0.08869433403015137,1674484032.6460583,1.0897806445131568,0.5324788475285465,-0.15271977400579392,-0.9115959715665661,-7.382699999991574e-05,3.10283999999994e-05,-1.4050108062436884e-17
0.09785032272338867,1674484032.7439086,1.0927913782185172,0.4904429763946472,-0.17075709961719532,-0.9019461603674398,-7.382699999991574e-05,3.10283999999994e-05,-1.4050108062436884e-17
0.4577057361602783,1674484033.2016144,1.1745997103117756,0.1657410171354321,-0.3324016894311037,-1.0069460391919858,-7.382699999991574e-05,3.10283999999994e-05,-1.4050108062436884e-17
0.09772992134094238,1674484033.2993443,1.157631964262594,0.08792028174453037,-0.35775519319542615,-1.010549055090664,-7.382699999991574e-05,3.10283999999994e-05,-1.4050108062436884e-17
0.09887838363647461,1674484033.3982227,1.148677157242042,0.029906340715806935,-0.3729539208206836,-1.0277713604840508,-7.382699999991574e-05,3.10283999999994e-05,-1.4050108062436884e-17
0.09698915481567383,1674484033.4952118,1.1487051963788726,-0.024124047374904832,-0.3932032279536968,-1.007430555901481,-7.382699999991574e-05,3.10283999999994e-05,-1.4050108062436884e-17
0.09158039093017578,1674484033.5867922,1.1607264737289,-0.07945826623933015,-0.41923219872139983,-0.9631795134566107,-7.382699999991574e-05,3.10283999999994e-05,-1.4050108062436884e-17
0.08687925338745117,1674484033.6736715,1.1467070468006804,-0.09566314231595627,-0.4203588940685814,-1.037539565736035,-7.382699999991574e-05,3.10283999999994e-05,-1.4050108062436884e-17
0.09257721900939941,1674484033.7662487,1.1436887351727498,-0.14351645920317105,-0.4484653553642802,-0.9759328355705,-7.382699999991574e-05,3.10283999999994e-05,-1.4050108062436884e-17
0.09845113754272461,1674484033.8646998,1.1136220262736725,-0.22721270255169146,-0.502148522324922,-0.8580423073561767,-7.382699999991574e-05,3.10283999999994e-05,-1.4050108062436884e-17
0.08729982376098633,1674484033.9519997,1.0745160077152907,-0.2381225214530926,-0.5108707499494425,-0.926266588130809,-7.382699999991574e-05,3.10283999999994e-05,-1.4050108062436884e-17
0.08686041831970215,1674484034.03886,1.0554757697707793,-0.26821816490606293,-0.525241939235197,-0.9349257341617292,-7.382699999991574e-05,3.10283999999994e-05,-1.4050108062436884e-17
0.10251569747924805,1674484034.1413758,1.0164527904451852,-0.334661645095496,-0.5614931977913868,-0.8560165474958135,-7.382699999991574e-05,3.10283999999994e-05,-1.4050108062436884e-17
0.0909278392791748,1674484034.2323036,0.9755214759639383,-0.3690835827684155,-0.5623665140127145,-0.8420747826129517,-7.382699999991574e-05,3.10283999999994e-05,-1.4050108062436884e-17
0.09794735908508301,1674484034.330251,0.9225707634061788,-0.3901509135909207,-0.5610387948257665,-0.8157694114408628,-7.382699999991574e-05,3.10283999999994e-05,-1.4050108062436884e-17
0.28319334983825684,1674484034.6134443,0.5151091819133398,-0.5912149366712184,-0.579235882610975,-0.19951501022061963,-7.382699999991574e-05,3.10283999999994e-05,-1.4050108062436884e-17
0.09531879425048828,1674484034.7087631,0.34228167295124345,-0.5610073195758599,-0.5336344741896061,-0.1767301164122239,-7.382699999991574e-05,3.10283999999994e-05,-1.4050108062436884e-17
0.0913093090057373,1674484034.8000724,0.23935408019835558,-0.5421375858517051,-0.5129621436824264,-0.16308353086601585,-7.382699999991574e-05,3.10283999999994e-05,-1.4050108062436884e-17
0.09812283515930176,1674484034.8981953,0.14838555265019826,-0.6114136927529037,-0.5405730244522,0.09197679532010397,-7.382699999991574e-05,3.10283999999994e-05,-1.4050108062436884e-17
0.0973203182220459,1674484034.9955156,0.09751669657697404,-0.5937571414623002,-0.5131602485657811,0.06825131383890891,-7.382699999991574e-05,3.10283999999994e-05,-1.4050108062436884e-17
0.09570884704589844,1674484035.0912244,0.10564796822066524,-0.5871473475474687,-0.49373912322371055,0.08742887891576231,-7.382699999991574e-05,3.10283999999994e-05,-1.4050108062436884e-17
0.08500194549560547,1674484035.1762264,0.11285054870795763,-0.6281351815921493,-0.48182380040794426,0.2566654644604847,-7.382699999991574e-05,3.10283999999994e-05,-1.4050108062436884e-17
0.0947878360748291,1674484035.2710142,0.10598765668695753,-0.483663830107303,-0.40165185925519653,-0.07997249641825306,-7.382699999991574e-05,3.10283999999994e-05,-1.4050108062436884e-17
0.09630513191223145,1674484035.3673193,0.12802830252614017,-0.5188351558085401,-0.41141994507444374,0.07160602108876163,-7.382699999991574e-05,3.10283999999994e-05,-1.4050108062436884e-17
0.09100580215454102,1674484035.4583251,0.053197409388415995,-0.5187552919107565,-0.3879531885240351,0.055899262631253915,-7.382699999991574e-05,3.10283999999994e-05,-1.4050108062436884e-17
0.09052610397338867,1674484035.5488513,0.037214137709816075,-0.5475947523008751,-0.39615044008409117,0.13927011181493357,-7.382699999991574e-05,3.10283999999994e-05,-1.4050108062436884e-17
0.09033727645874023,1674484035.6391885,0.05321295501892109,-0.5752077961625207,-0.40595975006678786,0.21907130651852869,-7.382699999991574e-05,3.10283999999994e-05,-1.4050108062436884e-17
0.09447598457336426,1674484035.7336645,0.04521342723383537,-0.5710763118247867,-0.40462125975002167,0.20862314712873,-7.382699999991574e-05,3.10283999999994e-05,-1.4050108062436884e-17
0.08277392387390137,1674484035.8164384,0.06021239293763392,-0.5752077961625207,-0.40595975006678786,0.21907130651852869,-7.382699999991574e-05,3.10283999999994e-05,-1.4050108062436884e-17
0.1068723201751709,1674484035.9233108,0.06021239293763392,-0.5359098488765496,-0.3906510949566702,0.10549785361150611,-7.382699999991574e-05,3.10283999999994e-05,-1.4050108062436884e-17
0.0815584659576416,1674484036.0048692,0.05321295501892109,-0.5752077961625207,-0.40595975006678786,0.21907130651852869,-7.382699999991574e-05,3.10283999999994e-05,-1.4050108062436884e-17
0.09763860702514648,1674484036.1025078,0.05321941583093137,-0.5452215647698446,-0.3945092266497469,0.13068317904661228,-7.382699999991574e-05,3.10283999999994e-05,-1.4050108062436884e-17
0.09470772743225098,1674484036.1972156,0.06821810850430854,-0.5187313140574032,-0.3843240937145488,0.05251940779717131,-7.382699999991574e-05,3.10283999999994e-05,-1.4050108062436884e-17
0.09119701385498047,1674484036.2884126,0.06021239293763392,-0.56948091751788,-0.40323285517277896,0.20252270391643265,-7.382699999991574e-05,3.10283999999994e-05,-1.4050108062436884e-17
0.08832430839538574,1674484036.3767369,0.05321295501892109,-0.5799026272965141,-0.4082922417525031,0.23253411260930135,-7.382699999991574e-05,3.10283999999994e-05,-1.4050108062436884e-17
0.0941166877746582,1674484036.4708536,0.06021883747462642,-0.54412968136285,-0.39461011156658343,0.12746479631237775,-7.382699999991574e-05,3.10283999999994e-05,-1.4050108062436884e-17
0.1007997989654541,1674484036.5716534,0.04521342723383537,-0.5710763118247867,-0.40462125975002167,0.20862314712873,-7.382699999991574e-05,3.10283999999994e-05,-1.4050108062436884e-17
0.0973978042602539,1674484036.6690512,0.06821810850430854,-0.5452215647698442,-0.3945092266497467,0.13068317904661114,-7.382699999991574e-05,3.10283999999994e-05,-1.4050108062436884e-17
0.0959780216217041,1674484036.7650292,0.045219906355240536,-0.5484135349257034,-0.3951396626195964,0.13991239785240112,-7.382699999991574e-05,3.10283999999994e-05,-1.4050108062436884e-17
0.09709954261779785,1674484036.8621287,0.04521342723383537,-0.56948091766523,-0.4032328552277862,0.20252270434148784,-7.382699999991574e-05,3.10283999999994e-05,-1.4050108062436884e-17
0.09537959098815918,1674484036.9575083,0.06821810850430854,-0.5484504465772385,-0.39624880796657314,0.14011434184838492,-7.382699999991574e-05,3.10283999999994e-05,-1.4050108062436884e-17
0.09543991088867188,1674484037.0529482,0.05321295501892109,-0.5710763118247867,-0.40462125975002167,0.20862314712873,-7.382699999991574e-05,3.10283999999994e-05,-1.4050108062436884e-17
0.09592294692993164,1674484037.1488712,0.04521342723383537,-0.5752077961625207,-0.40595975006678786,0.21907130651852869,-7.382699999991574e-05,3.10283999999994e-05,-1.4050108062436884e-17
0.0883488655090332,1674484037.23722,0.06821810850430854,-0.5452215647698446,-0.3945092266497469,0.13068317904661228,-7.382699999991574e-05,3.10283999999994e-05,-1.4050108062436884e-17
0.09530091285705566,1674484037.332521,0.05321295501892109,-0.5437067055542866,-0.39467020030501565,0.1280356109659357,-7.382699999991574e-05,3.10283999999994e-05,-1.4050108062436884e-17
0.09406900405883789,1674484037.42659,0.05321941583093137,-0.536935252892183,-0.3918945116873339,0.10685038721960155,-7.382699999991574e-05,3.10283999999994e-05,-1.4050108062436884e-17
0.09432482719421387,1674484037.5209148,0.06821168246165366,-0.5752077961625207,-0.40595975006678786,0.21907130651852869,-7.382699999991574e-05,3.10283999999994e-05,-1.4050108062436884e-17
0.09121203422546387,1674484037.6121268,0.05321941583093137,-0.5484135349257034,-0.3951396626195964,0.13991239785240112,-7.382699999991574e-05,3.10283999999994e-05,-1.4050108062436884e-17
0.08979439735412598,1674484037.7019212,0.07621121021166344,-0.5752077961625207,-0.40595975006678786,0.21907130651852869,-7.382699999991574e-05,3.10283999999994e-05,-1.4050108062436884e-17
0.09811973571777344,1674484037.800041,0.07621121021166344,-0.5710763118247867,-0.40462125975002167,0.20862314712873,-7.382699999991574e-05,3.10283999999994e-05,-1.4050108062436884e-17
0.09784722328186035,1674484037.8978882,0.06820525604911198,-0.5454462942772293,-0.395030732272084,0.13929048988951023,-7.382699999991574e-05,3.10283999999994e-05,-1.4050108062436884e-17
0.08908772468566895,1674484037.986976,0.053200033209957365,-0.5665916065946683,-0.40461893547643313,0.2087474996380547,-7.382699999991574e-05,3.10283999999994e-05,-1.4050108062436884e-17
0.08582901954650879,1674484038.072805,0.03720114192350099,-0.5432416129850831,-0.39502414251737195,0.139309347013442,-7.382699999991574e-05,3.10283999999994e-05,-1.4050108062436884e-17
0.08686947822570801,1674484038.1596744,0.029201577149739588,-0.5706668067413312,-0.40594190900856264,0.21907775250301198,-7.382699999991574e-05,3.10283999999994e-05,-1.4050108062436884e-17
0.0873873233795166,1674484038.2470617,0.029201577149739588,-0.5706667948687572,-0.4059419045417147,0.2190777180831941,-7.382699999991574e-05,3.10283999999994e-05,-1.4050108062436884e-17
0.09585928916931152,1674484038.342921,0.022202107235822055,-0.5374933238585317,-0.3935050330736401,0.1275970758439098,-7.382699999991574e-05,3.10283999999994e-05,-1.4050108062436884e-17
0.09469151496887207,1674484038.4376125,0.029217255671447173,-0.5305198488582793,-0.38957317247720286,0.10552747834155753,-7.382699999991574e-05,3.10283999999994e-05,-1.4050108062436884e-17
0.08523178100585938,1674484038.5228443,0.022211292095696056,-0.5408404887339276,-0.393884361630489,0.13892583596937186,-7.382699999991574e-05,3.10283999999994e-05,-1.4050108062436884e-17
0.08856844902038574,1674484038.6114128,0.022217824480794235,-0.5342312194315059,-0.3915273720620612,0.11632118918262506,-7.382699999991574e-05,3.10283999999994e-05,-1.4050108062436884e-17
0.08942413330078125,1674484038.700837,0.03721677600146167,-0.556096120484628,-0.3995440337784973,0.1782544978690356,-7.382699999991574e-05,3.10283999999994e-05,-1.4050108062436884e-17
0.09082388877868652,1674484038.7916608,0.037210278200775715,-0.5122055475164566,-0.3836251464152673,0.055607067790531345,-7.382699999991574e-05,3.10283999999994e-05,-1.4050108062436884e-17
0.09358644485473633,1674484038.8852472,0.045200468436196406,-0.5374933238585317,-0.3935050330736401,0.1275970758439098,-7.382699999991574e-05,3.10283999999994e-05,-1.4050108062436884e-17
0.09027433395385742,1674484038.9755216,0.03721677600146167,-0.5305198488582793,-0.38957317247720286,0.10552747834155753,-7.382699999991574e-05,3.10283999999994e-05,-1.4050108062436884e-17
0.08990049362182617,1674484039.065422,0.05318711121605002,-0.5272469444809748,-0.39064531672627223,0.10572709886615997,-7.382699999991574e-05,3.10283999999994e-05,-1.4050108062436884e-17
0.08497762680053711,1674484039.1503997,0.029105058300820552,-0.5442232144044502,-0.40912038648225585,0.2094891616261623,-7.382699999991574e-05,3.10283999999994e-05,-1.4050108062436884e-17
0.09618663787841797,1674484039.2465863,0.053026801715535754,-0.5192789888120809,-0.4107904502656995,0.2145521868198688,-7.382699999991574e-05,3.10283999999994e-05,-1.4050108062436884e-17
0.08805370330810547,1674484039.33464,0.028932990732915886,-0.459176074436876,-0.39970491632378663,0.11437116046504854,-7.382699999991574e-05,3.10283999999994e-05,-1.4050108062436884e-17
0.08943796157836914,1674484039.424078,0.005857517584833438,-0.4982081161167693,-0.42468806772287765,0.2991188243173832,-7.382699999991574e-05,3.10283999999994e-05,-1.4050108062436884e-17
0.08740472793579102,1674484039.5114827,0.02176036287934835,-0.41821134463595044,-0.4050979667692104,0.15251382724703944,-7.382699999991574e-05,3.10283999999994e-05,-1.4050108062436884e-17
0.09472417831420898,1674484039.606207,-0.01034125577681877,-0.36744107241623125,-0.39802533565360293,0.09145104864298162,-7.382699999991574e-05,3.10283999999994e-05,-1.4050108062436884e-17
0.09299373626708984,1674484039.6992006,0.021581337266456835,-0.41203299646537234,-0.43039167873067286,0.3265423489392407,-7.382699999991574e-05,3.10283999999994e-05,-1.4050108062436884e-17
0.09013175964355469,1674484039.7893324,0.013501650419635691,-0.35131636267633026,-0.41627870443964576,0.20842876105507968,-7.382699999991574e-05,3.10283999999994e-05,-1.4050108062436884e-17
0.5646107196807861,1674484040.353943,0.04374669493843886,-0.2138505661112157,-0.4661001700602091,0.21028029314854335,-7.382699999991574e-05,3.10283999999994e-05,-1.4050108062436884e-17
0.08774042129516602,1674484040.4416835,0.020694600758187853,-0.1894545977516101,-0.458789861084238,0.14376299487355992,-7.382699999991574e-05,3.10283999999994e-05,-1.4050108062436884e-17
0.08918309211730957,1674484040.5308666,0.05166761569941292,-0.170954371719033,-0.4545865583924424,0.09464073324410378,-7.382699999991574e-05,3.10283999999994e-05,-1.4050108062436884e-17
0.09479188919067383,1674484040.6256585,0.02757643148993827,-0.16446915212645513,-0.46354840683069154,0.12154764097290922,-7.382699999991574e-05,3.10283999999994e-05,-1.4050108062436884e-17
0.0884244441986084,1674484040.714083,0.027505977451228514,-0.15160987479449461,-0.46799574479566347,0.12238113262007914,-7.382699999991574e-05,3.10283999999994e-05,-1.4050108062436884e-17
0.09584379196166992,1674484040.8099267,0.04347295116892713,-0.16235368844074138,-0.48641639714073404,0.21565683431449942,-7.382699999991574e-05,3.10283999999994e-05,-1.4050108062436884e-17
0.09889054298400879,1674484040.9088173,0.03542444810982959,-0.15031478360553124,-0.48401126203130085,0.17913217273544718,-7.382699999991574e-05,3.10283999999994e-05,-1.4050108062436884e-17
0.08300638198852539,1674484040.9918237,0.020387184120838953,-0.1538016742577421,-0.49348615617987535,0.21773999900152888,-7.382699999991574e-05,3.10283999999994e-05,-1.4050108062436884e-17
0.08963775634765625,1674484041.0814614,0.020300838445221014,-0.1260415300371524,-0.48734292043856825,0.13833141890658796,-7.382699999991574e-05,3.10283999999994e-05,-1.4050108062436884e-17
0.09281635284423828,1674484041.1742778,-0.0037939578588415124,-0.11276414894153185,-0.4922423336145109,0.13480907879156917,-7.382699999991574e-05,3.10283999999994e-05,-1.4050108062436884e-17
0.09616422653198242,1674484041.270442,0.01217414537725059,-0.10536032670469701,-0.4951947895520455,0.13336937542789484,-7.382699999991574e-05,3.10283999999994e-05,-1.4050108062436884e-17
0.09760856628417969,1674484041.3680506,0.02713273565776353,-0.08005136378370359,-0.48264736876200165,0.04098915886229804,-7.382699999991574e-05,3.10283999999994e-05,-1.4050108062436884e-17
0.09607434272766113,1674484041.464125,0.02013733173384269,-0.09867114978935114,-0.49954778532152505,0.14647673129295186,-7.382699999991574e-05,3.10283999999994e-05,-1.4050108062436884e-17
0.10088276863098145,1674484041.5650077,0.03512515542495809,-0.09658619736713306,-0.5018204028906859,0.14701813040752312,-7.382699999991574e-05,3.10283999999994e-05,-1.4050108062436884e-17
0.10192012786865234,1674484041.6669278,0.012033720453641816,-0.09286732392482143,-0.5104850137451844,0.15650116391340588,-7.382699999991574e-05,3.10283999999994e-05,-1.4050108062436884e-17
0.093505859375,1674484041.7604337,0.04307448882064602,-0.09071283692772923,-0.502308346687984,0.10776673086625181,-7.382699999991574e-05,3.10283999999994e-05,-1.4050108062436884e-17
0.09324502944946289,1674484041.8536787,0.027178349168101246,-0.1338344570675656,-0.5161735026251151,0.23325158675993804,-7.382699999991574e-05,3.10283999999994e-05,-1.4050108062436884e-17
0.09032559394836426,1674484041.9440043,0.058350699640211445,-0.14173846315475772,-0.4870640271540498,0.11962267709949004,-7.382699999991574e-05,3.10283999999994e-05,-1.4050108062436884e-17
0.09222006797790527,1674484042.0362244,0.05147723271809079,-0.1744374701781308,-0.48502828679819265,0.14015264517394485,-7.382699999991574e-05,3.10283999999994e-05,-1.4050108062436884e-17
0.08600354194641113,1674484042.122228,0.058722272774005546,-0.23609306607980243,-0.4789406101062482,0.188279008827804,-7.382699999991574e-05,3.10283999999994e-05,-1.4050108062436884e-17
0.08461999893188477,1674484042.206848,0.06703206942227258,-0.3009392817189738,-0.46463125645830433,0.21789134159494666,-7.382699999991574e-05,3.10283999999994e-05,-1.4050108062436884e-17
0.08612513542175293,1674484042.292973,0.06724051863411784,-0.31368045283386864,-0.4342592853201559,0.11227967940076439,-7.382699999991574e-05,3.10283999999994e-05,-1.4050108062436884e-17
0.08502078056335449,1674484042.3779938,0.059483542567201564,-0.37529798370413986,-0.4279328111374891,0.13563115811667273,-7.382699999991574e-05,3.10283999999994e-05,-1.4050108062436884e-17
0.09428119659423828,1674484042.472275,0.04461288768098015,-0.41616637934057776,-0.42656137951513967,0.1364251872122196,-7.382699999991574e-05,3.10283999999994e-05,-1.4050108062436884e-17
0.09679484367370605,1674484042.5690699,0.04461673593073501,-0.4074487863698728,-0.4213414602706284,0.08410946796602331,-7.382699999991574e-05,3.10283999999994e-05,-1.4050108062436884e-17
0.08674073219299316,1674484042.6558106,0.059618883577294834,-0.4074487863698728,-0.4213414602706284,0.08410946796602331,-7.382699999991574e-05,3.10283999999994e-05,-1.4050108062436884e-17
0.08425617218017578,1674484042.7400668,0.0676198697964785,-0.4074487863698728,-0.4213414602706284,0.08410946796602331,-7.382699999991574e-05,3.10283999999994e-05,-1.4050108062436884e-17
0.08723640441894531,1674484042.8273032,0.059618883577294834,-0.4074487863698728,-0.4213414602706284,0.08410946796602331,-7.382699999991574e-05,3.10283999999994e-05,-1.4050108062436884e-17
0.08521723747253418,1674484042.9125204,0.052617960815946496,-0.4074487863698728,-0.4213414602706284,0.08410946796602331,-7.382699999991574e-05,3.10283999999994e-05,-1.4050108062436884e-17
0.0896148681640625,1674484043.0021353,0.04461673593073501,-0.4074487863698728,-0.4213414602706284,0.08410946796602331,-7.382699999991574e-05,3.10283999999994e-05,-1.4050108062436884e-17
0.08945488929748535,1674484043.0915902,0.04461673593073501,-0.4073380106095119,-0.4213179225082901,0.08398087603642182,-7.382699999991574e-05,3.10283999999994e-05,-1.4050108062436884e-17
0.0847017765045166,1674484043.176292,0.0366313836045693,-0.40493270495326883,-0.4187589514112873,0.0811269709348727,-7.382699999991574e-05,3.10283999999994e-05,-1.4050108062436884e-17
0.08541274070739746,1674484043.2617047,0.02860800834637356,-0.4225535017952193,-0.4277712835071513,0.14133319443746756,-7.382699999991574e-05,3.10283999999994e-05,-1.4050108062436884e-17
0.08270835876464844,1674484043.344413,0.021613602064991966,-0.4246389614013097,-0.4290595403394398,0.14626017276986375,-7.382699999991574e-05,3.10283999999994e-05,-1.4050108062436884e-17
0.09047317504882812,1674484043.4348862,0.036609251725922665,-0.4040879767641792,-0.41972811494983636,0.08037770046286198,-7.382699999991574e-05,3.10283999999994e-05,-1.4050108062436884e-17
0.08574581146240234,1674484043.520632,0.0826246128632433,-0.3939008699631589,-0.4156367460349465,0.05888350953040686,-7.382699999991574e-05,3.10283999999994e-05,-1.4050108062436884e-17
0.08873438835144043,1674484043.6093664,0.0526502654308274,-0.43920588513354786,-0.4296391333016829,0.15428356749276076,-7.382699999991574e-05,3.10283999999994e-05,-1.4050108062436884e-17
0.0948333740234375,1674484043.7041998,0.06773815408578976,-0.4387528669952917,-0.4172862969779147,0.07746239142394018,-7.382699999991574e-05,3.10283999999994e-05,-1.4050108062436884e-17
0.09260678291320801,1674484043.7968066,0.06788977764367976,-0.4795511362722301,-0.4131675806700316,0.03144504440239302,-7.382699999991574e-05,3.10283999999994e-05,-1.4050108062436884e-17
0.08540153503417969,1674484043.882208,0.09799623150245829,-0.6008472259127781,-0.44924994540809143,0.18237465614412657,-7.382699999991574e-05,3.10283999999994e-05,-1.4050108062436884e-17
0.09083890914916992,1674484043.973047,0.0980838455669284,-0.6461938387667093,-0.4545275720937008,0.17857609724302165,-7.382699999991574e-05,3.10283999999994e-05,-1.4050108062436884e-17
0.0904688835144043,1674484044.063516,0.0982364205258155,-0.6890864277626403,-0.45160452527168304,0.1526699671091029,-7.382699999991574e-05,3.10283999999994e-05,-1.4050108062436884e-17
0.10335278511047363,1674484044.1668687,0.06826854342576905,-0.7020596633438436,-0.4513858050385686,0.14294617487091046,-7.382699999991574e-05,3.10283999999994e-05,-1.4050108062436884e-17
0.0919184684753418,1674484044.2587872,0.0682801894850189,-0.6636544536706964,-0.43673541251661235,0.06276530034961922,-7.382699999991574e-05,3.10283999999994e-05,-1.4050108062436884e-17
0.09731316566467285,1674484044.3561003,0.06027465145581301,-0.6956472880256973,-0.4482767830847707,0.152157203373892,-7.382699999991574e-05,3.10283999999994e-05,-1.4050108062436884e-17
0.09768486022949219,1674484044.4537852,0.05328445384955227,-0.6535800490958765,-0.4328362449946107,0.05106402501054674,-7.382699999991574e-05,3.10283999999994e-05,-1.4050108062436884e-17
0.10033392906188965,1674484044.554119,0.05326244740703645,-0.5621334575791985,-0.39984842634163315,-0.17979598127946816,-7.382699999991574e-05,3.10283999999994e-05,-1.4050108062436884e-17
0.08689188957214355,1674484044.641011,0.05328445384955227,-0.6303695654699905,-0.4234281496015205,-0.009213005937280059,-7.382699999991574e-05,3.10283999999994e-05,-1.4050108062436884e-17
0.18691468238830566,1674484044.8279257,0.05328707763601814,-0.6596486958236266,-0.43396507008567886,0.07360056084134953,-7.382699999991574e-05,3.10283999999994e-05,-1.4050108062436884e-17
0.0928800106048584,1674484044.9208057,0.06828540832180297,-0.7036474519010015,-0.4501945641737871,0.1883388755396527,-7.382699999991574e-05,3.10283999999994e-05,-1.4050108062436884e-17
0.08731770515441895,1674484045.0081234,0.07628472501507133,-0.6918731818349855,-0.44638461875311797,0.1582627005877589,-7.382699999991574e-05,3.10283999999994e-05,-1.4050108062436884e-17
0.09643149375915527,1674484045.104555,0.06828540832180297,-0.6907085081113391,-0.4457502751696222,0.1539007007197904,-7.382699999991574e-05,3.10283999999994e-05,-1.4050108062436884e-17
0.09001541137695312,1674484045.1945703,0.09128305607074383,-0.7170821556821481,-0.45443097126143883,0.22099796492022164,-7.382699999991574e-05,3.10283999999994e-05,-1.4050108062436884e-17
0.09275197982788086,1674484045.2873223,0.06829826114688631,-0.6765096686186033,-0.43759683446502373,0.10926935148498558,-7.382699999991574e-05,3.10283999999994e-05,-1.4050108062436884e-17
0.09186458587646484,1674484045.3791869,0.05339186228522852,-0.7020940048384824,-0.43538354506114,0.13466959118914304,-7.382699999991574e-05,3.10283999999994e-05,-1.4050108062436884e-17
0.09984207153320312,1674484045.479029,0.05362222448735121,-0.6980160264494599,-0.40508064929426546,0.048538375393614504,-7.382699999991574e-05,3.10283999999994e-05,-1.4050108062436884e-17
0.09603476524353027,1674484045.5750637,0.06890713356487721,-0.7498167111766135,-0.38425555687449386,0.08776178137952798,-7.382699999991574e-05,3.10283999999994e-05,-1.4050108062436884e-17
0.09143590927124023,1674484045.6664996,0.04602880537885978,-0.7520918801467953,-0.37071565210567653,0.051889279096766355,-7.382699999991574e-05,3.10283999999994e-05,-1.4050108062436884e-17
0.09763383865356445,1674484045.7641335,0.030209537354675575,-0.7884213736434819,-0.3591956340292332,0.08404656737650953,-7.382699999991574e-05,3.10283999999994e-05,-1.4050108062436884e-17
0.09371042251586914,1674484045.8578439,0.0382830041695712,-0.8281893349282385,-0.3614955443584515,0.1389259202409795,-7.382699999991574e-05,3.10283999999994e-05,-1.4050108062436884e-17
0.08887553215026855,1674484045.9467194,0.023311971490167505,-0.7925405451819274,-0.3496235813557299,0.05192987315683695,-7.382699999991574e-05,3.10283999999994e-05,-1.4050108062436884e-17
0.09092044830322266,1674484046.0376399,0.030308702320198222,-0.7800600336237054,-0.3463146961719506,0.02394776591002426,-7.382699999991574e-05,3.10283999999994e-05,-1.4050108062436884e-17
0.09417510032653809,1674484046.131815,0.038311633848904236,-0.8256394926925865,-0.3575890117549729,0.12410107225292734,-7.382699999991574e-05,3.10283999999994e-05,-1.4050108062436884e-17
0.0936274528503418,1674484046.2254424,0.046329880572007376,-0.784298883974713,-0.34420626827289413,0.023729703931666676,-7.382699999991574e-05,3.10283999999994e-05,-1.4050108062436884e-17
0.08350801467895508,1674484046.3089504,-0.0006188020965880447,-0.8390586307752266,-0.35595875906059,0.13788026251326982,-7.382699999991574e-05,3.10283999999994e-05,-1.4050108062436884e-17
0.09059906005859375,1674484046.3995495,0.046364908125265725,-0.8022265562061811,-0.3463028960059543,0.050319544815263836,-7.382699999991574e-05,3.10283999999994e-05,-1.4050108062436884e-17
0.09638476371765137,1674484046.4959342,0.03836889342758942,-0.8579877214274448,-0.35975845567697257,0.1753008776949605,-7.382699999991574e-05,3.10283999999994e-05,-1.4050108062436884e-17
0.0897378921508789,1674484046.5856721,0.0383845275055501,-0.8040795928062568,-0.34479299133405705,0.05570499287792245,-7.382699999991574e-05,3.10283999999994e-05,-1.4050108062436884e-17
0.09145855903625488,1674484046.6771307,0.06138874698662233,-0.8039906986109443,-0.342630088428,0.0555289920563132,-7.382699999991574e-05,3.10283999999994e-05,-1.4050108062436884e-17
0.0940711498260498,1674484046.7712018,0.030413159738945872,-0.8029056455033822,-0.3404846694460691,0.05558430821290358,-7.382699999991574e-05,3.10283999999994e-05,-1.4050108062436884e-17
0.09191107749938965,1674484046.863113,0.030413159738945872,-0.8387605819854168,-0.3481838994161512,0.13740953933859543,-7.382699999991574e-05,3.10283999999994e-05,-1.4050108062436884e-17
0.09878230094909668,1674484046.9618952,0.030428838260653457,-0.808521772354918,-0.33937568442749855,0.06961491011714316,-7.382699999991574e-05,3.10283999999994e-05,-1.4050108062436884e-17
0.09639811515808105,1674484047.0582933,0.023400970230466278,-0.7613149161771524,-0.33048911630974315,-0.036264418646001675,-7.382699999991574e-05,3.10283999999994e-05,-1.4050108062436884e-17
0.08628606796264648,1674484047.1445794,0.030413159738945872,-0.7818083339271111,-0.33535233294142,0.010906047594000939,-7.382699999991574e-05,3.10283999999994e-05,-1.4050108062436884e-17
0.1113443374633789,1674484047.2559237,0.015427338089136988,-0.8443494009483363,-0.3498948145019212,0.1472888357162924,-7.382699999991574e-05,3.10283999999994e-05,-1.4050108062436884e-17
0.11060142517089844,1674484047.3665252,0.030413159738945872,-0.8419370781629489,-0.3495291041524573,0.1445190402970917,-7.382699999991574e-05,3.10283999999994e-05,-1.4050108062436884e-17
0.09607243537902832,1674484047.4625976,0.023432404940428864,-0.7817981653356157,-0.33324373009936964,0.010905460046525945,-7.382699999991574e-05,3.10283999999994e-05,-1.4050108062436884e-17
0.10556173324584961,1674484047.5681593,0.007424649052785615,-0.8648851824075778,-0.35541149417567125,0.19585573994363414,-7.382699999991574e-05,3.10283999999994e-05,-1.4050108062436884e-17
0.09192228317260742,1674484047.6600816,0.007424649052785615,-0.7612197229231862,-0.3283943654099749,-0.03645597139803897,-7.382699999991574e-05,3.10283999999994e-05,-1.4050108062436884e-17
0.09880590438842773,1674484047.7588875,0.023416687695456684,-0.7907319796304166,-0.33628782615593544,0.028306082204647965,-7.382699999991574e-05,3.10283999999994e-05,-1.4050108062436884e-17
0.11177754402160645,1674484047.870665,0.015420787394644364,-0.7982707363779464,-0.33835671041389553,0.04642161541088058,-7.382699999991574e-05,3.10283999999994e-05,-1.4050108062436884e-17
0.10753083229064941,1674484047.978196,0.030428838260653457,-0.8203705393988701,-0.34226275630944925,0.09478123448587951,-7.382699999991574e-05,3.10283999999994e-05,-1.4050108062436884e-17
0.12214493751525879,1674484048.1003408,0.023416687695456684,-0.7856099957628487,-0.3354078121498152,0.020654341817003114,-7.382699999991574e-05,3.10283999999994e-05,-1.4050108062436884e-17
0.1104586124420166,1674484048.2107995,0.015391923947054131,-0.8374296918707849,-0.35202039497244136,0.14701307853686502,-7.382699999991574e-05,3.10283999999994e-05,-1.4050108062436884e-17
0.08665609359741211,1674484048.2974555,0.03037141640702945,-0.8239434974641732,-0.3501975082594268,0.1268776305331818,-7.382699999991574e-05,3.10283999999994e-05,-1.4050108062436884e-17
0.09295248985290527,1674484048.390408,0.04633129440036399,-0.7752433967752624,-0.3403936896218098,0.03755931448748015,-7.382699999991574e-05,3.10283999999994e-05,-1.4050108062436884e-17
0.09941220283508301,1674484048.4898202,0.06129207523286295,-0.7635113036865907,-0.34037368954206754,0.038161446348223646,-7.382699999991574e-05,3.10283999999994e-05,-1.4050108062436884e-17
0.0999765396118164,1674484048.5897968,0.03824807406103048,-0.7506140786541711,-0.34111888534964074,0.0361906051721445,-7.382699999991574e-05,3.10283999999994e-05,-1.4050108062436884e-17
0.08511042594909668,1674484048.6749072,0.05422164478693059,-0.7823583206938349,-0.35236431449345196,0.1294188025347961,-7.382699999991574e-05,3.10283999999994e-05,-1.4050108062436884e-17
0.09699034690856934,1674484048.7718976,0.05421780702161261,-0.7370952066349631,-0.33905587508094276,0.03761438731956332,-7.382699999991574e-05,3.10283999999994e-05,-1.4050108062436884e-17
0.08976268768310547,1674484048.8616602,0.06121473745996875,-0.7677315069061882,-0.3475421264460386,0.10677175114928161,-7.382699999991574e-05,3.10283999999994e-05,-1.4050108062436884e-17
0.08604311943054199,1674484048.9477034,0.030241092355984822,-0.7723548848669495,-0.3480535714410334,0.11110421655830237,-7.382699999991574e-05,3.10283999999994e-05,-1.4050108062436884e-17
0.11536812782287598,1674484049.0630715,0.03824421532683875,-0.7823010148203922,-0.3501556146807876,0.1293048982509083,-7.382699999991574e-05,3.10283999999994e-05,-1.4050108062436884e-17
0.12425661087036133,1674484049.187328,0.04622499388737156,-0.7896511100829834,-0.3537978110634309,0.14637010288808255,-7.382699999991574e-05,3.10283999999994e-05,-1.4050108062436884e-17
0.1073007583618164,1674484049.2946289,0.030247608651008395,-0.8157260032614978,-0.35953650840504536,0.20599065345866335,-7.382699999991574e-05,3.10283999999994e-05,-1.4050108062436884e-17
0.11782264709472656,1674484049.4124515,0.038228581028858954,-0.7896511100829834,-0.3537978110634309,0.14637010288808255,-7.382699999991574e-05,3.10283999999994e-05,-1.4050108062436884e-17
0.10292220115661621,1674484049.5153737,0.05423072901551951,-0.743377997647366,-0.3403854777862121,0.03959988430474482,-7.382699999991574e-05,3.10283999999994e-05,-1.4050108062436884e-17
0.09442758560180664,1674484049.6098013,0.038228581028858954,-0.7823583676865163,-0.3512620229368239,0.12931516644138752,-7.382699999991574e-05,3.10283999999994e-05,-1.4050108062436884e-17
0.09008145332336426,1674484049.6998827,0.054237190197416574,-0.7827045075276245,-0.34997001718723963,0.1276276761409804,-7.382699999991574e-05,3.10283999999994e-05,-1.4050108062436884e-17
0.09760236740112305,1674484049.797485,0.0612405167176,-0.7465592779778666,-0.3403675121062419,0.03921953264016451,-7.382699999991574e-05,3.10283999999994e-05,-1.4050108062436884e-17
0.10216760635375977,1674484049.8996527,0.046247062678065554,-0.7476989879836203,-0.34038432935859364,0.03931526003707177,-7.382699999991574e-05,3.10283999999994e-05,-1.4050108062436884e-17
0.10585784912109375,1674484050.0055106,0.0612405167176,-0.7451520100958969,-0.33985164689592734,0.03465288893395268,-7.382699999991574e-05,3.10283999999994e-05,-1.4050108062436884e-17
0.11066746711730957,1674484050.116178,0.0612405167176,-0.7797810052063526,-0.34874646505303597,0.11690631235509046,-7.382699999991574e-05,3.10283999999994e-05,-1.4050108062436884e-17
0.09262204170227051,1674484050.2088,0.0612405167176,-0.75159325958876,-0.3405000179384865,0.049685926854957645,-7.382699999991574e-05,3.10283999999994e-05,-1.4050108062436884e-17
0.09656763076782227,1674484050.3053677,0.05424365063953962,-0.7797810052063526,-0.34874646505303597,0.11690631235509046,-7.382699999991574e-05,3.10283999999994e-05,-1.4050108062436884e-17
0.09868860244750977,1674484050.4040563,0.0612405167176,-0.7465592779778666,-0.3403675121062419,0.03921953264016451,-7.382699999991574e-05,3.10283999999994e-05,-1.4050108062436884e-17
0.09266090393066406,1674484050.4967172,0.05424365063953962,-0.770875769983885,-0.34636175566899596,0.09596357677200956,-7.382699999991574e-05,3.10283999999994e-05,-1.4050108062436884e-17
0.08532857894897461,1674484050.5820458,0.06923686663802764,-0.7844925006404958,-0.350157713244465,0.12918345833163017,-7.382699999991574e-05,3.10283999999994e-05,-1.4050108062436884e-17
0.08847570419311523,1674484050.6705215,0.05424365063953962,-0.7866624049176196,-0.3504521264151163,0.13165783494654704,-7.382699999991574e-05,3.10283999999994e-05,-1.4050108062436884e-17
0.1054220199584961,1674484050.7759435,0.046247062678065554,-0.7797810052063526,-0.34874646505303597,0.11690631235509046,-7.382699999991574e-05,3.10283999999994e-05,-1.4050108062436884e-17
